"","no rank","superkingdom","phylum","class","order","family","genus","species","subphylum","name_id"
"1","cellular organisms","Archaea","Euryarchaeota","Methanobacteria","Methanobacteriales","Methanobacteriaceae","Methanobacterium","Methanobacterium formicicum",NA,"Methanobacterium formicicum|2162"
"2","cellular organisms","Archaea","Euryarchaeota","Methanobacteria","Methanobacteriales","Methanobacteriaceae","Methanobacterium","Methanobacterium formicicum",NA,"Methanobacterium formicicum|2162"
"3","cellular organisms","Archaea","Euryarchaeota","Methanobacteria","Methanobacteriales","Methanobacteriaceae","Methanobacterium","Methanobacterium formicicum",NA,"Methanobacterium formicicum|2162"
"4","cellular organisms","Archaea","Euryarchaeota","Methanobacteria","Methanobacteriales","Methanobacteriaceae","Methanobrevibacter","Methanobrevibacter smithii",NA,"Methanobrevibacter smithii ATCC 35061|420247"
"5","cellular organisms","Archaea","Euryarchaeota","Methanobacteria","Methanobacteriales","Methanobacteriaceae","Methanobrevibacter","Methanobrevibacter smithii",NA,"Methanobrevibacter smithii|2173"
"6","cellular organisms","Archaea","Euryarchaeota","Methanomicrobia","Methanosarcinales","Methanosarcinaceae","Methanohalophilus","Methanohalophilus mahii",NA,"Methanohalophilus mahii DSM 5219|547558"
"7","cellular organisms","Archaea","Euryarchaeota","Methanomicrobia","Methanosarcinales","Methanosarcinaceae","Methanohalophilus","Methanohalophilus halophilus",NA,"Methanohalophilus halophilus|2177"
"8","cellular organisms","Archaea","Euryarchaeota","Methanobacteria","Methanobacteriales","Methanothermaceae","Methanothermus","Methanothermus fervidus",NA,"Methanothermus fervidus DSM 2088|523846"
"9","cellular organisms","Archaea","Euryarchaeota","Methanococci","Methanococcales","Methanococcaceae","Methanococcus","Methanococcus vannielii",NA,"Methanococcus vannielii SB|406327"
"10","cellular organisms","Archaea","Euryarchaeota","Methanococci","Methanococcales","Methanococcaceae","Methanococcus","Methanococcus voltae",NA,"Methanococcus voltae A3|456320"
"11","cellular organisms","Archaea","Euryarchaeota","Methanococci","Methanococcales","Methanocaldococcaceae","Methanotorris","Methanotorris igneus",NA,"Methanotorris igneus Kol 5|880724"
"12","cellular organisms","Archaea","Euryarchaeota","Methanococci","Methanococcales","Methanocaldococcaceae","Methanocaldococcus","Methanocaldococcus jannaschii",NA,"Methanocaldococcus jannaschii DSM 2661|243232"
"13","cellular organisms","Archaea","Euryarchaeota","Methanomicrobia","Methanomicrobiales","Methanomicrobiaceae","Methanoculleus","Methanoculleus marisnigri",NA,"Methanoculleus marisnigri JR1|368407"
"14","cellular organisms","Archaea","Euryarchaeota","Methanomicrobia","Methanomicrobiales","Methanomicrobiaceae","Methanofollis","Methanofollis liminatans",NA,"Methanofollis liminatans DSM 4140|28892"
"15","cellular organisms","Archaea","Euryarchaeota","Methanomicrobia","Methanomicrobiales","Methanospirillaceae","Methanospirillum","Methanospirillum hungatei",NA,"Methanospirillum hungatei JF-1|323259"
"16","cellular organisms","Archaea","Euryarchaeota","Methanomicrobia","Methanosarcinales","Methanosarcinaceae","Methanosarcina","Methanosarcina barkeri",NA,"Methanosarcina barkeri str. Fusaro|269797"
"17","cellular organisms","Archaea","Euryarchaeota","Methanomicrobia","Methanosarcinales","Methanosarcinaceae","Methanosarcina","Methanosarcina barkeri",NA,"Methanosarcina barkeri str. Wiesmoor|1434109"
"18","cellular organisms","Archaea","Euryarchaeota","Methanomicrobia","Methanosarcinales","Methanosarcinaceae","Methanosarcina","Methanosarcina barkeri",NA,"Methanosarcina barkeri MS|1434108"
"19","cellular organisms","Archaea","Euryarchaeota","Methanomicrobia","Methanosarcinales","Methanosarcinaceae","Methanosarcina","Methanosarcina barkeri",NA,"Methanosarcina barkeri 227|1434106"
"20","cellular organisms","Archaea","Euryarchaeota","Methanomicrobia","Methanosarcinales","Methanosarcinaceae","Methanosarcina","Methanosarcina barkeri",NA,"Methanosarcina barkeri 3|1434107"
"21","cellular organisms","Archaea","Euryarchaeota","Methanomicrobia","Methanosarcinales","Methanosarcinaceae","Methanosarcina","Methanosarcina barkeri",NA,"Methanosarcina barkeri CM1|796385"
"22","cellular organisms","Archaea","Euryarchaeota","Methanomicrobia","Methanosarcinales","Methanosarcinaceae","Methanosarcina","Methanosarcina mazei",NA,"Methanosarcina mazei Go1|192952"
"23","cellular organisms","Archaea","Euryarchaeota","Methanomicrobia","Methanosarcinales","Methanosarcinaceae","Methanosarcina","Methanosarcina mazei",NA,"Methanosarcina mazei Tuc01|1236903"
"24","cellular organisms","Archaea","Euryarchaeota","Methanomicrobia","Methanosarcinales","Methanosarcinaceae","Methanosarcina","Methanosarcina mazei",NA,"Methanosarcina mazei WWM610|1434117"
"25","cellular organisms","Archaea","Euryarchaeota","Methanomicrobia","Methanosarcinales","Methanosarcinaceae","Methanosarcina","Methanosarcina mazei",NA,"Methanosarcina mazei SarPi|1434115"
"26","cellular organisms","Archaea","Euryarchaeota","Methanomicrobia","Methanosarcinales","Methanosarcinaceae","Methanosarcina","Methanosarcina mazei",NA,"Methanosarcina mazei S-6|213585"
"27","cellular organisms","Archaea","Euryarchaeota","Methanomicrobia","Methanosarcinales","Methanosarcinaceae","Methanosarcina","Methanosarcina mazei",NA,"Methanosarcina mazei LYC|1434114"
"28","cellular organisms","Archaea","Euryarchaeota","Methanomicrobia","Methanosarcinales","Methanosarcinaceae","Methanosarcina","Methanosarcina mazei",NA,"Methanosarcina mazei C16|1434113"
"29","cellular organisms","Archaea","Euryarchaeota","Methanomicrobia","Methanosarcinales","Methanosarcinaceae","Methanosarcina","Methanosarcina mazei",NA,"Methanosarcina mazei|2209"
"30","cellular organisms","Archaea","Euryarchaeota","Methanomicrobia","Methanosarcinales","Methanosarcinaceae","Methanosarcina","Methanosarcina thermophila",NA,"Methanosarcina thermophila TM-1|523844"
"31","cellular organisms","Archaea","Euryarchaeota","Methanomicrobia","Methanosarcinales","Methanosarcinaceae","Methanosarcina","Methanosarcina thermophila",NA,"Methanosarcina thermophila CHTI-55|1434121"
"32","cellular organisms","Archaea","Euryarchaeota","Methanomicrobia","Methanosarcinales","Methanosarcinaceae","Methanosarcina","Methanosarcina thermophila",NA,"Methanosarcina thermophila|2210"
"33","cellular organisms","Archaea","Euryarchaeota","Methanomicrobia","Methanosarcinales","Methanosarcinaceae","Methanosarcina","Methanosarcina acetivorans",NA,"Methanosarcina acetivorans C2A|188937"
"34","cellular organisms","Archaea","Euryarchaeota","Methanomicrobia","Methanosarcinales","Methanosarcinaceae","Methanosarcina","Methanosarcina vacuolata",NA,"Methanosarcina vacuolata Z-761|1434123"
"35","cellular organisms","Archaea","Euryarchaeota","Methanomicrobia","Methanosarcinales","Methanotrichaceae","Methanothrix","Methanothrix soehngenii",NA,"Methanothrix soehngenii GP6|990316"
"36","cellular organisms","Archaea","Euryarchaeota","Methanomicrobia","Methanosarcinales","Methanotrichaceae","Methanothrix","Methanothrix thermoacetophila",NA,"Methanothrix thermoacetophila PT|349307"
"37","cellular organisms","Archaea","Euryarchaeota","Methanomicrobia","Methanosarcinales","Methanosarcinaceae","Methanococcoides","Methanococcoides methylutens",NA,"Methanococcoides methylutens MM1|1434104"
"38","cellular organisms","Archaea","Euryarchaeota","Archaeoglobi","Archaeoglobales","Archaeoglobaceae","Archaeoglobus","Archaeoglobus fulgidus",NA,"Archaeoglobus fulgidus DSM 4304|224325"
"39","cellular organisms","Archaea","Euryarchaeota","Archaeoglobi","Archaeoglobales","Archaeoglobaceae","Archaeoglobus","Archaeoglobus fulgidus",NA,"Archaeoglobus fulgidus DSM 8774|1344584"
"40","cellular organisms","Archaea","Euryarchaeota","Halobacteria","Halobacteriales","Haloarculaceae","Haloarcula","Haloarcula marismortui",NA,"Haloarcula marismortui ATCC 43049|272569"
"41","cellular organisms","Archaea","Euryarchaeota","Halobacteria","Halobacteriales","Haloarculaceae","Haloarcula","Haloarcula marismortui",NA,"Haloarcula marismortui ATCC 43049|272569"
"42","cellular organisms","Archaea","Euryarchaeota","Halobacteria","Halobacteriales","Halobacteriaceae","Halobacterium","Halobacterium salinarum",NA,"Halobacterium salinarum NRC-1|64091"
"43","cellular organisms","Archaea","Euryarchaeota","Halobacteria","Halobacteriales","Halobacteriaceae","Halobacterium","Halobacterium salinarum",NA,"Halobacterium salinarum R1|478009"
"44","cellular organisms","Archaea","Euryarchaeota","Halobacteria","Halobacteriales","Halobacteriaceae","Halobacterium","Halobacterium salinarum",NA,"Halobacterium salinarum|2242"
"45","cellular organisms","Archaea","Euryarchaeota","Halobacteria","Haloferacales","Haloferacaceae","Haloferax","Haloferax volcanii",NA,"Haloferax volcanii DS2|309800"
"46","cellular organisms","Archaea","Euryarchaeota","Halobacteria","Haloferacales","Halorubraceae","Halorubrum","Halorubrum lacusprofundi",NA,"Halorubrum lacusprofundi ATCC 49239|416348"
"47","cellular organisms","Archaea","Euryarchaeota","Halobacteria","Haloferacales","Haloferacaceae","Haloferax","Haloferax mediterranei",NA,"Haloferax mediterranei ATCC 33500|523841"
"48","cellular organisms","Archaea","Euryarchaeota","Halobacteria","Haloferacales","Haloferacaceae","Haloferax","Haloferax mediterranei",NA,"Haloferax mediterranei ATCC 33500|523841"
"49","cellular organisms","Archaea","Euryarchaeota","Halobacteria","Haloferacales","Haloferacaceae","Haloferax","Haloferax mediterranei",NA,"Haloferax mediterranei ATCC 33500|523841"
"50","cellular organisms","Archaea","Euryarchaeota","Halobacteria","Halobacteriales","Haloarculaceae","Natronomonas","Natronomonas pharaonis",NA,"Natronomonas pharaonis DSM 2160|348780"
"51","cellular organisms","Archaea","Euryarchaeota","Thermococci","Thermococcales","Thermococcaceae","Pyrococcus","Pyrococcus furiosus",NA,"Pyrococcus furiosus DSM 3638|186497"
"52","cellular organisms","Archaea","Euryarchaeota","Thermococci","Thermococcales","Thermococcaceae","Pyrococcus","Pyrococcus furiosus",NA,"Pyrococcus furiosus COM1|1185654"
"53","cellular organisms","Archaea","Euryarchaeota","Thermococci","Thermococcales","Thermococcaceae","Pyrococcus","Pyrococcus furiosus",NA,"Pyrococcus furiosus DSM 3638|186497"
"54","cellular organisms","Archaea","Euryarchaeota","Thermococci","Thermococcales","Thermococcaceae","Thermococcus","Thermococcus celer",NA,"Thermococcus celer Vu 13 = JCM 8558|1293037"
"55","cellular organisms","Archaea","Euryarchaeota","Thermococci","Thermococcales","Thermococcaceae","Thermococcus","Thermococcus litoralis",NA,"Thermococcus litoralis DSM 5473|523849"
"56","cellular organisms","Archaea","Crenarchaeota","Thermoprotei","Thermoproteales","Thermofilaceae","Thermofilum","Thermofilum pendens",NA,"Thermofilum pendens Hrk 5|368408"
"57","cellular organisms","Archaea","Crenarchaeota","Thermoprotei","Thermoproteales","Thermoproteaceae","Thermoproteus","Thermoproteus tenax",NA,"Thermoproteus tenax Kra 1|768679"
"58","cellular organisms","Archaea","Crenarchaeota","Thermoprotei","Desulfurococcales","Desulfurococcaceae","Desulfurococcus","Desulfurococcus mucosus",NA,"Desulfurococcus mucosus DSM 2162|765177"
"59","cellular organisms","Archaea","Crenarchaeota","Thermoprotei","Thermoproteales","Thermoproteaceae","Pyrobaculum","Pyrobaculum islandicum",NA,"Pyrobaculum islandicum DSM 4184|384616"
"60","cellular organisms","Archaea","Crenarchaeota","Thermoprotei","Desulfurococcales","Desulfurococcaceae","Staphylothermus","Staphylothermus marinus",NA,"Staphylothermus marinus F1|399550"
"61","cellular organisms","Archaea","Crenarchaeota","Thermoprotei","Sulfolobales","Sulfolobaceae","Acidianus","Acidianus ambivalens",NA,"Acidianus ambivalens|2283"
"62","cellular organisms","Archaea","Crenarchaeota","Thermoprotei","Sulfolobales","Sulfolobaceae","Sulfolobus","Sulfolobus acidocaldarius",NA,"Sulfolobus acidocaldarius DSM 639|330779"
"63","cellular organisms","Archaea","Crenarchaeota","Thermoprotei","Sulfolobales","Sulfolobaceae","Sulfolobus","Sulfolobus acidocaldarius",NA,"Sulfolobus acidocaldarius Ron12/I|1028567"
"64","cellular organisms","Archaea","Crenarchaeota","Thermoprotei","Sulfolobales","Sulfolobaceae","Sulfolobus","Sulfolobus acidocaldarius",NA,"Sulfolobus acidocaldarius N8|1028566"
"65","cellular organisms","Archaea","Crenarchaeota","Thermoprotei","Sulfolobales","Sulfolobaceae","Sulfolobus","Sulfolobus acidocaldarius",NA,"Sulfolobus acidocaldarius SUSAZ|1435377"
"66","cellular organisms","Archaea","Crenarchaeota","Thermoprotei","Sulfolobales","Sulfolobaceae","Sulfolobus","Sulfolobus acidocaldarius",NA,"Sulfolobus acidocaldarius|2285"
"67","cellular organisms","Archaea","Crenarchaeota","Thermoprotei","Sulfolobales","Sulfolobaceae","Sulfolobus","Sulfolobus acidocaldarius",NA,"Sulfolobus acidocaldarius|2285"
"68","cellular organisms","Archaea","Crenarchaeota","Thermoprotei","Sulfolobales","Sulfolobaceae","Sulfolobus","Sulfolobus acidocaldarius",NA,"Sulfolobus acidocaldarius|2285"
"69","cellular organisms","Archaea","Crenarchaeota","Thermoprotei","Sulfolobales","Sulfolobaceae","Sulfolobus","Sulfolobus acidocaldarius",NA,"Sulfolobus acidocaldarius|2285"
"70","cellular organisms","Archaea","Crenarchaeota","Thermoprotei","Sulfolobales","Sulfolobaceae","Sulfolobus","Sulfolobus acidocaldarius",NA,"Sulfolobus acidocaldarius|2285"
"71","cellular organisms","Archaea","Crenarchaeota","Thermoprotei","Sulfolobales","Sulfolobaceae","Sulfolobus","Sulfolobus acidocaldarius",NA,"Sulfolobus acidocaldarius|2285"
"72","cellular organisms","Archaea","Crenarchaeota","Thermoprotei","Sulfolobales","Sulfolobaceae","Sulfolobus","Sulfolobus acidocaldarius",NA,"Sulfolobus acidocaldarius|2285"
"73","cellular organisms","Archaea","Crenarchaeota","Thermoprotei","Sulfolobales","Sulfolobaceae","Saccharolobus","Saccharolobus solfataricus",NA,"Saccharolobus solfataricus P2|273057"
"74","cellular organisms","Archaea","Crenarchaeota","Thermoprotei","Sulfolobales","Sulfolobaceae","Saccharolobus","Saccharolobus solfataricus",NA,"Saccharolobus solfataricus 98/2|555311"
"75","cellular organisms","Archaea","Crenarchaeota","Thermoprotei","Sulfolobales","Sulfolobaceae","Saccharolobus","Saccharolobus solfataricus",NA,"Saccharolobus solfataricus|2287"
"76","cellular organisms","Archaea","Crenarchaeota","Thermoprotei","Sulfolobales","Sulfolobaceae","Saccharolobus","Saccharolobus solfataricus",NA,"Saccharolobus solfataricus|2287"
"77","cellular organisms","Archaea","Crenarchaeota","Thermoprotei","Sulfolobales","Sulfolobaceae","Saccharolobus","Saccharolobus solfataricus",NA,"Saccharolobus solfataricus|2287"
"78","cellular organisms","Archaea","Crenarchaeota","Thermoprotei","Sulfolobales","Sulfolobaceae","Saccharolobus","Saccharolobus solfataricus",NA,"Saccharolobus solfataricus|2287"
"79","cellular organisms","Archaea","Crenarchaeota","Thermoprotei","Sulfolobales","Sulfolobaceae","Saccharolobus","Saccharolobus solfataricus",NA,"Saccharolobus solfataricus|2287"
"80","cellular organisms","Archaea","Crenarchaeota","Thermoprotei","Sulfolobales","Sulfolobaceae","Saccharolobus","Saccharolobus solfataricus",NA,"Saccharolobus solfataricus|2287"
"81","cellular organisms","Archaea","Crenarchaeota","Thermoprotei","Sulfolobales","Sulfolobaceae","Saccharolobus","Saccharolobus solfataricus",NA,"Saccharolobus solfataricus|2287"
"82","cellular organisms","Archaea","Crenarchaeota","Thermoprotei","Sulfolobales","Sulfolobaceae","Saccharolobus","Saccharolobus solfataricus",NA,"Saccharolobus solfataricus|2287"
"83","cellular organisms","Archaea","Crenarchaeota","Thermoprotei","Sulfolobales","Sulfolobaceae","Saccharolobus","Saccharolobus solfataricus",NA,"Saccharolobus solfataricus|2287"
"84","cellular organisms","Archaea","Crenarchaeota","Thermoprotei","Sulfolobales","Sulfolobaceae","Saccharolobus","Saccharolobus solfataricus",NA,"Saccharolobus solfataricus|2287"
"85","cellular organisms","Archaea","Crenarchaeota","Thermoprotei","Sulfolobales","Sulfolobaceae","Saccharolobus","Saccharolobus solfataricus",NA,"Saccharolobus solfataricus|2287"
"86","cellular organisms","Archaea","Euryarchaeota","Thermoplasmata","Thermoplasmatales","Thermoplasmataceae","Thermoplasma","Thermoplasma acidophilum",NA,"Thermoplasma acidophilum DSM 1728|273075"
"87","cellular organisms","Archaea","Euryarchaeota","Methanomicrobia","Methanomicrobiales","Methanomicrobiaceae","Methanoplanus","Methanoplanus limicola",NA,"Methanoplanus limicola DSM 2279|937775"
"88","cellular organisms","Archaea","Euryarchaeota","Methanobacteria","Methanobacteriales","Methanobacteriaceae","Methanosphaera","Methanosphaera stadtmanae",NA,"Methanosphaera stadtmanae DSM 3091|339860"
"89","cellular organisms","Archaea","Euryarchaeota","Methanobacteria","Methanobacteriales","Methanobacteriaceae","Methanosphaera","Methanosphaera stadtmanae",NA,"Methanosphaera stadtmanae|2317"
"90","cellular organisms","Archaea","Euryarchaeota","Methanopyri","Methanopyrales","Methanopyraceae","Methanopyrus","Methanopyrus kandleri",NA,"Methanopyrus kandleri AV19|190192"
"91","cellular organisms","Archaea","Euryarchaeota","Methanomicrobia","Methanosarcinales","Methanosarcinaceae","Methanohalobium","Methanohalobium evestigatum",NA,"Methanohalobium evestigatum Z-7303|644295"
"92","cellular organisms","Archaea","Euryarchaeota","Halobacteria","Natrialbales","Natrialbaceae","Natrialba","Natrialba magadii",NA,"Natrialba magadii ATCC 43099|547559"
"93","cellular organisms","Archaea","Crenarchaeota","Thermoprotei","Thermoproteales","Thermoproteaceae","Pyrobaculum","Pyrobaculum aerophilum",NA,"Pyrobaculum aerophilum str. IM2|178306"
"94","cellular organisms","Archaea","Euryarchaeota","Halobacteria","Haloferacales","Halorubraceae","Halorubrum","Halorubrum trapanicum",NA,"Halorubrum trapanicum|29284"
"95","cellular organisms","Archaea","Euryarchaeota","Halobacteria","Natrialbales","Natrialbaceae","Natronococcus","Natronococcus occultus",NA,"Natronococcus occultus SP4|694430"
"96","cellular organisms","Archaea","Euryarchaeota","Methanomicrobia","Methanosarcinales","Methanosarcinaceae","Methanococcoides","Methanococcoides burtonii",NA,"Methanococcoides burtonii DSM 6242|259564"
"97","cellular organisms","Archaea","Euryarchaeota","Thermococci","Thermococcales","Thermococcaceae","Pyrococcus","Pyrococcus abyssi",NA,"Pyrococcus abyssi GE5|272844"
"98","cellular organisms","Archaea","Euryarchaeota","Halobacteria","Haloferacales","Haloferacaceae","Haloferax","Haloferax gibbonsii",NA,"Haloferax gibbonsii|35746"
"99","cellular organisms","Archaea","Euryarchaeota","Methanomicrobia","Methanosarcinales","Methanosarcinaceae","Methanosarcina","Methanosarcina siciliae",NA,"Methanosarcina siciliae T4/M|1434120"
"100","cellular organisms","Archaea","Euryarchaeota","Methanomicrobia","Methanosarcinales","Methanosarcinaceae","Methanosarcina","Methanosarcina siciliae",NA,"Methanosarcina siciliae HI350|1434119"
"101","cellular organisms","Archaea","Euryarchaeota","Methanomicrobia","Methanosarcinales","Methanosarcinaceae","Methanosarcina","Methanosarcina siciliae",NA,"Methanosarcina siciliae C2J|1434118"
"102","cellular organisms","Archaea","Euryarchaeota","Methanococci","Methanococcales","Methanococcaceae","Methanococcus","Methanococcus maripaludis",NA,"Methanococcus maripaludis S2|267377"
"103","cellular organisms","Archaea","Euryarchaeota","Methanococci","Methanococcales","Methanococcaceae","Methanococcus","Methanococcus maripaludis",NA,"Methanococcus maripaludis C5|402880"
"104","cellular organisms","Archaea","Euryarchaeota","Methanococci","Methanococcales","Methanococcaceae","Methanococcus","Methanococcus maripaludis",NA,"Methanococcus maripaludis C7|426368"
"105","cellular organisms","Archaea","Euryarchaeota","Methanococci","Methanococcales","Methanococcaceae","Methanococcus","Methanococcus maripaludis",NA,"Methanococcus maripaludis C6|444158"
"106","cellular organisms","Archaea","Euryarchaeota","Methanococci","Methanococcales","Methanococcaceae","Methanococcus","Methanococcus maripaludis",NA,"Methanococcus maripaludis X1|1053692"
"107","cellular organisms","Archaea","Euryarchaeota","Methanococci","Methanococcales","Methanococcaceae","Methanococcus","Methanococcus maripaludis",NA,"Methanococcus maripaludis KA1|637914"
"108","cellular organisms","Archaea","Euryarchaeota","Methanococci","Methanococcales","Methanococcaceae","Methanococcus","Methanococcus maripaludis",NA,"Methanococcus maripaludis OS7|637915"
"109","cellular organisms","Archaea","Euryarchaeota","Methanococci","Methanococcales","Methanococcaceae","Methanococcus","Methanococcus maripaludis",NA,"Methanococcus maripaludis|39152"
"110","cellular organisms","Archaea","Euryarchaeota","Methanococci","Methanococcales","Methanococcaceae","Methanococcus","Methanococcus maripaludis",NA,"Methanococcus maripaludis|39152"
"111","cellular organisms","Archaea","Euryarchaeota","Methanomicrobia","Methanosarcinales","Methanosarcinaceae","Methanohalophilus","Methanohalophilus portucalensis",NA,"Methanohalophilus portucalensis|39664"
"112","cellular organisms","Archaea","Euryarchaeota","Methanomicrobia","Methanosarcinales","Methanosarcinaceae","Methanosalsum","Methanosalsum zhilinae",NA,"Methanosalsum zhilinae DSM 4017|679901"
"113","cellular organisms","Archaea","Crenarchaeota","Thermoprotei","Sulfolobales","Sulfolobaceae","Acidianus","Acidianus brierleyi",NA,"Acidianus brierleyi|41673"
"114","cellular organisms","Archaea","Crenarchaeota","Thermoprotei","Sulfolobales","Sulfolobaceae","Stygiolobus","Stygiolobus azoricus",NA,"Stygiolobus azoricus|41675"
"115","cellular organisms","Archaea","Euryarchaeota","Methanococci","Methanococcales","Methanococcaceae","Methanococcus","Methanococcus aeolicus",NA,"Methanococcus aeolicus Nankai-3|419665"
"116","cellular organisms","Archaea","Crenarchaeota","Thermoprotei","Sulfolobales","Sulfolobaceae","Sulfolobus","Sulfolobus islandicus",NA,"Sulfolobus islandicus L.S.2.15|429572"
"117","cellular organisms","Archaea","Crenarchaeota","Thermoprotei","Sulfolobales","Sulfolobaceae","Sulfolobus","Sulfolobus islandicus",NA,"Sulfolobus islandicus M.14.25|427317"
"118","cellular organisms","Archaea","Crenarchaeota","Thermoprotei","Sulfolobales","Sulfolobaceae","Sulfolobus","Sulfolobus islandicus",NA,"Sulfolobus islandicus M.16.27|427318"
"119","cellular organisms","Archaea","Crenarchaeota","Thermoprotei","Sulfolobales","Sulfolobaceae","Sulfolobus","Sulfolobus islandicus",NA,"Sulfolobus islandicus M.16.4|426118"
"120","cellular organisms","Archaea","Crenarchaeota","Thermoprotei","Sulfolobales","Sulfolobaceae","Sulfolobus","Sulfolobus islandicus",NA,"Sulfolobus islandicus Y.G.57.14|439386"
"121","cellular organisms","Archaea","Crenarchaeota","Thermoprotei","Sulfolobales","Sulfolobaceae","Sulfolobus","Sulfolobus islandicus",NA,"Sulfolobus islandicus Y.N.15.51|419942"
"122","cellular organisms","Archaea","Crenarchaeota","Thermoprotei","Sulfolobales","Sulfolobaceae","Sulfolobus","Sulfolobus islandicus",NA,"Sulfolobus islandicus L.D.8.5|425944"
"123","cellular organisms","Archaea","Crenarchaeota","Thermoprotei","Sulfolobales","Sulfolobaceae","Sulfolobus","Sulfolobus islandicus",NA,"Sulfolobus islandicus REY15A|930945"
"124","cellular organisms","Archaea","Crenarchaeota","Thermoprotei","Sulfolobales","Sulfolobaceae","Sulfolobus","Sulfolobus islandicus",NA,"Sulfolobus islandicus HVE10/4|930943"
"125","cellular organisms","Archaea","Crenarchaeota","Thermoprotei","Sulfolobales","Sulfolobaceae","Sulfolobus","Sulfolobus islandicus",NA,"Sulfolobus islandicus M.16.2|1132497"
"126","cellular organisms","Archaea","Crenarchaeota","Thermoprotei","Sulfolobales","Sulfolobaceae","Sulfolobus","Sulfolobus islandicus",NA,"Sulfolobus islandicus M.16.23|1132501"
"127","cellular organisms","Archaea","Crenarchaeota","Thermoprotei","Sulfolobales","Sulfolobaceae","Sulfolobus","Sulfolobus islandicus",NA,"Sulfolobus islandicus M.16.40|1132503"
"128","cellular organisms","Archaea","Crenarchaeota","Thermoprotei","Sulfolobales","Sulfolobaceae","Sulfolobus","Sulfolobus islandicus",NA,"Sulfolobus islandicus M.16.43|1132504"
"129","cellular organisms","Archaea","Crenarchaeota","Thermoprotei","Sulfolobales","Sulfolobaceae","Sulfolobus","Sulfolobus islandicus",NA,"Sulfolobus islandicus M.16.47|1132506"
"130","cellular organisms","Archaea","Crenarchaeota","Thermoprotei","Sulfolobales","Sulfolobaceae","Sulfolobus","Sulfolobus islandicus",NA,"Sulfolobus islandicus LAL14/1|1241935"
"131","cellular organisms","Archaea","Crenarchaeota","Thermoprotei","Sulfolobales","Sulfolobaceae","Metallosphaera","Metallosphaera sedula",NA,"Metallosphaera sedula DSM 5348|399549"
"132","cellular organisms","Archaea","Crenarchaeota","Thermoprotei","Sulfolobales","Sulfolobaceae","Metallosphaera","Metallosphaera sedula",NA,"Metallosphaera sedula|43687"
"133","cellular organisms","Archaea","Crenarchaeota","Thermoprotei","Sulfolobales","Sulfolobaceae","Metallosphaera","Metallosphaera sedula",NA,"Metallosphaera sedula|43687"
"134","cellular organisms","Archaea","Crenarchaeota","Thermoprotei","Sulfolobales","Sulfolobaceae","Metallosphaera","Metallosphaera sedula",NA,"Metallosphaera sedula|43687"
"135","cellular organisms","Archaea","Crenarchaeota","Thermoprotei","Sulfolobales","Sulfolobaceae","Metallosphaera","Metallosphaera sedula",NA,"Metallosphaera sedula|43687"
"136","cellular organisms","Archaea","Crenarchaeota","Thermoprotei","Sulfolobales","Sulfolobaceae","Metallosphaera","Metallosphaera sedula",NA,"Metallosphaera sedula|43687"
"137","cellular organisms","Archaea","Crenarchaeota","Thermoprotei","Sulfolobales","Sulfolobaceae","Metallosphaera","Metallosphaera sedula",NA,"Metallosphaera sedula|43687"
"138","cellular organisms","Archaea","Euryarchaeota","Halobacteria","Natrialbales","Natrialbaceae","Natronobacterium","Natronobacterium gregoryi",NA,"Natronobacterium gregoryi SP2|797304"
"139","cellular organisms","Archaea","Thaumarchaeota",NA,"Cenarchaeales","Cenarchaeaceae","Cenarchaeum","Cenarchaeum symbiosum",NA,"Cenarchaeum symbiosum A|414004"
"140","cellular organisms","Archaea","Crenarchaeota","Thermoprotei","Sulfolobales","Sulfolobaceae","Metallosphaera","Metallosphaera prunae",NA,"Metallosphaera prunae|47304"
"141","cellular organisms","Archaea","Euryarchaeota","Thermococci","Thermococcales","Thermococcaceae","Thermococcus","Thermococcus profundus",NA,"Thermococcus profundus|49899"
"142","cellular organisms","Archaea","Euryarchaeota","Thermoplasmata","Thermoplasmatales","Thermoplasmataceae","Thermoplasma","Thermoplasma volcanium",NA,"Thermoplasma volcanium GSS1|273116"
"143","cellular organisms","Archaea","Euryarchaeota","Halobacteria","Halobacteriales","Haloarculaceae","Haloarcula","Haloarcula hispanica",NA,"Haloarcula hispanica ATCC 33960|634497"
"144","cellular organisms","Archaea","Euryarchaeota","Halobacteria","Halobacteriales","Haloarculaceae","Haloarcula","Haloarcula hispanica",NA,"Haloarcula hispanica N601|1417673"
"145","cellular organisms","Archaea","Euryarchaeota","Thermococci","Thermococcales","Thermococcaceae","Thermococcus","Thermococcus peptonophilus",NA,"Thermococcus peptonophilus|53952"
"146","cellular organisms","Archaea","Euryarchaeota","Thermococci","Thermococcales","Thermococcaceae","Pyrococcus","Pyrococcus horikoshii",NA,"Pyrococcus horikoshii OT3|70601"
"147","cellular organisms","Archaea","Euryarchaeota","Thermococci","Thermococcales","Thermococcaceae","Thermococcus","Thermococcus barossii",NA,"Thermococcus barossii|54077"
"148","cellular organisms","Archaea","Euryarchaeota","Methanomicrobia","Methanomicrobiales","Methanomicrobiaceae","Methanolacinia","Methanolacinia petrolearia",NA,"Methanolacinia petrolearia DSM 11571|679926"
"149","cellular organisms","Archaea","Crenarchaeota","Thermoprotei","Desulfurococcales","Pyrodictiaceae","Hyperthermus","Hyperthermus butylicus",NA,"Hyperthermus butylicus DSM 5456|415426"
"150","cellular organisms","Archaea","Crenarchaeota","Thermoprotei","Desulfurococcales","Pyrodictiaceae","Pyrolobus","Pyrolobus fumarii",NA,"Pyrolobus fumarii 1A|694429"
"151","cellular organisms","Archaea","Crenarchaeota","Thermoprotei","Desulfurococcales","Desulfurococcaceae","Thermosphaera","Thermosphaera aggregans",NA,"Thermosphaera aggregans DSM 11486|633148"
"152","cellular organisms","Archaea","Crenarchaeota","Thermoprotei","Desulfurococcales","Desulfurococcaceae","Ignicoccus","Ignicoccus islandicus",NA,"Ignicoccus islandicus DSM 13165|940295"
"153","cellular organisms","Archaea","Euryarchaeota","Archaeoglobi","Archaeoglobales","Archaeoglobaceae","Ferroglobus","Ferroglobus placidus",NA,"Ferroglobus placidus DSM 10642|589924"
"154","cellular organisms","Archaea","Euryarchaeota","Thermococci","Thermococcales","Thermococcaceae","Thermococcus","Thermococcus chitonophagus",NA,"Thermococcus chitonophagus|54262"
"155","cellular organisms","Archaea","Euryarchaeota","Thermococci","Thermococcales","Thermococcaceae","Thermococcus","Thermococcus chitonophagus",NA,"Thermococcus chitonophagus|54262"
"156","cellular organisms","Archaea","Euryarchaeota","Thermococci","Thermococcales","Thermococcaceae","Thermococcus","Thermococcus barophilus",NA,"Thermococcus barophilus MP|391623"
"157","cellular organisms","Archaea","Euryarchaeota","Thermococci","Thermococcales","Thermococcaceae","Thermococcus","Thermococcus barophilus",NA,"Thermococcus barophilus|55802"
"158","cellular organisms","Archaea","Crenarchaeota","Thermoprotei","Desulfurococcales","Desulfurococcaceae","Aeropyrum","Aeropyrum pernix",NA,"Aeropyrum pernix K1|272557"
"159","cellular organisms","Archaea","Euryarchaeota","Halobacteria","Halobacteriales","Haloarculaceae","Halomicrobium","Halomicrobium mukohataei",NA,"Halomicrobium mukohataei DSM 12286|485914"
"160","cellular organisms","Archaea","Euryarchaeota","Halobacteria","Halobacteriales","Haloarculaceae","Halomicrobium","Halomicrobium mukohataei",NA,"Halomicrobium mukohataei|57705"
"161","cellular organisms","Archaea","Euryarchaeota","Halobacteria","Halobacteriales","Haloarculaceae","Halomicrobium","Halomicrobium mukohataei",NA,"Halomicrobium mukohataei|57705"
"162","cellular organisms","Archaea","Euryarchaeota","Archaeoglobi","Archaeoglobales","Archaeoglobaceae","Archaeoglobus","Archaeoglobus veneficus",NA,"Archaeoglobus veneficus SNP6|693661"
"163","cellular organisms","Archaea","Euryarchaeota","Methanobacteria","Methanobacteriales","Methanobacteriaceae","Methanobacterium","Methanobacterium subterraneum",NA,"Methanobacterium subterraneum|59277"
"164","cellular organisms","Archaea","Euryarchaeota","Methanobacteria","Methanobacteriales","Methanobacteriaceae","Methanobacterium","Methanobacterium subterraneum",NA,"Methanobacterium subterraneum|59277"
"165","cellular organisms","Archaea","Euryarchaeota","Halobacteria","Haloferacales","Haloferacaceae","Halogeometricum","Halogeometricum borinquense",NA,"Halogeometricum borinquense DSM 11551|469382"
"166","cellular organisms","Archaea","Euryarchaeota","Halobacteria","Natrialbales","Natrialbaceae","Natronorubrum","Natronorubrum bangense",NA,"Natronorubrum bangense|61858"
"167","cellular organisms","Archaea","Euryarchaeota","Halobacteria","Natrialbales","Natrialbaceae","Haloterrigena","Haloterrigena turkmenica",NA,"Haloterrigena turkmenica DSM 5511|543526"
"168","cellular organisms","Archaea","Euryarchaeota","Methanococci","Methanococcales","Methanocaldococcaceae","Methanocaldococcus","Methanocaldococcus infernus",NA,"Methanocaldococcus infernus ME|573063"
"169","cellular organisms","Archaea","Euryarchaeota","Halobacteria","Natrialbales","Natrialbaceae","Natrinema","Natrinema pellirubrum",NA,"Natrinema pellirubrum DSM 15624|797303"
"170","cellular organisms","Archaea","Euryarchaeota","Halobacteria","Natrialbales","Natrialbaceae","Natrinema","Natrinema pallidum",NA,"Natrinema pallidum|69527"
"171","cellular organisms","Archaea","Crenarchaeota","Thermoprotei","Sulfolobales","Sulfolobaceae","Sulfurisphaera","Sulfurisphaera ohwakuensis",NA,"Sulfurisphaera ohwakuensis|69656"
"172","cellular organisms","Archaea","Crenarchaeota","Thermoprotei","Thermoproteales","Thermoproteaceae","Pyrobaculum","Pyrobaculum neutrophilum",NA,"Pyrobaculum neutrophilum V24Sta|444157"
"173","cellular organisms","Archaea","Euryarchaeota","Thermococci","Thermococcales","Thermococcaceae","Thermococcus","Thermococcus gorgonarius",NA,"Thermococcus gorgonarius|71997"
"174","cellular organisms","Archaea","Euryarchaeota","Thermococci","Thermococcales","Thermococcaceae","Thermococcus","Thermococcus pacificus",NA,"Thermococcus pacificus|71998"
"175","cellular organisms","Archaea","Euryarchaeota","Thermococci","Thermococcales","Thermococcaceae","Thermococcus","Thermococcus siculi",NA,"Thermococcus siculi|72803"
"176","cellular organisms","Archaea","Euryarchaeota","Methanococci","Methanococcales","Methanocaldococcaceae","Methanocaldococcus","Methanocaldococcus vulcanius",NA,"Methanocaldococcus vulcanius M7|579137"
"177","cellular organisms","Archaea","Euryarchaeota","Thermoplasmata","Thermoplasmatales","Ferroplasmaceae","Ferroplasma","Ferroplasma acidiphilum",NA,"Ferroplasma acidiphilum|74969"
"178","cellular organisms","Archaea","Crenarchaeota","Thermoprotei","Thermoproteales","Thermoproteaceae","Caldivirga","Caldivirga maquilingensis",NA,"Caldivirga maquilingensis IC-167|397948"
"179","cellular organisms","Archaea","Crenarchaeota","Thermoprotei","Sulfolobales","Sulfolobaceae","Metallosphaera","Metallosphaera hakonensis",NA,"Metallosphaera hakonensis JCM 8857 = DSM 7519|1293036"
"180","cellular organisms","Archaea","Euryarchaeota","Thermoplasmata","Thermoplasmatales","Picrophilaceae","Picrophilus","Picrophilus torridus",NA,"Picrophilus torridus DSM 9790|263820"
"181","cellular organisms","Archaea","Euryarchaeota","Methanococci","Methanococcales","Methanocaldococcaceae","Methanocaldococcus","Methanocaldococcus fervens",NA,"Methanocaldococcus fervens AG86|573064"
"182","cellular organisms","Archaea","Euryarchaeota","Methanobacteria","Methanobacteriales","Methanobacteriaceae","Methanobrevibacter","Methanobrevibacter ruminantium",NA,"Methanobrevibacter ruminantium M1|634498"
"183","cellular organisms","Archaea","Euryarchaeota","Methanomicrobia","Methanomicrobiales","Methanocorpusculaceae","Methanocorpusculum","Methanocorpusculum labreanum",NA,"Methanocorpusculum labreanum Z|410358"
"184","cellular organisms","Archaea","Euryarchaeota","Methanomicrobia","Methanomicrobiales","Methanomicrobiaceae","Methanoculleus","Methanoculleus bourgensis",NA,"Methanoculleus bourgensis MS2|1201294"
"185","cellular organisms","Archaea","Euryarchaeota","Methanomicrobia","Methanomicrobiales","Methanomicrobiaceae","Methanoculleus","Methanoculleus bourgensis",NA,"Methanoculleus bourgensis|83986"
"186","cellular organisms","Archaea","Euryarchaeota","Archaeoglobi","Archaeoglobales","Archaeoglobaceae","Archaeoglobus","Archaeoglobus profundus",NA,"Archaeoglobus profundus DSM 5631|572546"
"187","cellular organisms","Archaea","Crenarchaeota","Thermoprotei","Desulfurococcales","Desulfurococcaceae","Staphylothermus","Staphylothermus hellenicus",NA,"Staphylothermus hellenicus DSM 12710|591019"
"188","cellular organisms","Archaea","Euryarchaeota","Methanomicrobia","Methanomicrobiales","Methanomicrobiaceae","Methanoculleus","Methanoculleus sp. MAB1",NA,"Methanoculleus sp. MAB1|86622"
"189","cellular organisms","Archaea","Euryarchaeota","Halobacteria","Natrialbales","Natrialbaceae","Natrinema","Natrinema versiforme",NA,"Natrinema versiforme|88724"
"190","cellular organisms","Archaea","Crenarchaeota","Thermoprotei","Desulfurococcales","Desulfurococcaceae","Desulfurococcus","Desulfurococcus amylolyticus",NA,"Desulfurococcus amylolyticus 1221n|490899"
"191","cellular organisms","Archaea","Crenarchaeota","Thermoprotei","Desulfurococcales","Desulfurococcaceae","Desulfurococcus","Desulfurococcus amylolyticus",NA,"Desulfurococcus amylolyticus DSM 16532|768672"
"192","cellular organisms","Archaea","Euryarchaeota","Thermoplasmata","Thermoplasmatales","Ferroplasmaceae","Ferroplasma","Ferroplasma acidarmanus",NA,"Ferroplasma acidarmanus fer1|333146"
"193","cellular organisms","Archaea","Crenarchaeota","Thermoprotei","Thermoproteales","Thermoproteaceae","Pyrobaculum","Pyrobaculum oguniense",NA,"Pyrobaculum oguniense TE7|698757"
"194","cellular organisms","Archaea","Euryarchaeota","Methanomicrobia","Methanosarcinales","Methanosarcinaceae","Methanomethylovorans","Methanomethylovorans hollandica",NA,"Methanomethylovorans hollandica DSM 15978|867904"
"195","cellular organisms","Archaea","Euryarchaeota","Thermococci","Thermococcales","Thermococcaceae","Thermococcus","Thermococcus guaymasensis",NA,"Thermococcus guaymasensis DSM 11113|1432656"
"196","cellular organisms","Archaea","Crenarchaeota","Thermoprotei","Sulfolobales","Sulfolobaceae","Sulfurisphaera","Sulfurisphaera tokodaii",NA,"Sulfurisphaera tokodaii str. 7|273063"
"197","cellular organisms","Archaea","Euryarchaeota","Archaeoglobi","Archaeoglobales","Archaeoglobaceae","Geoglobus","Geoglobus ahangari",NA,"Geoglobus ahangari|113653"
"198","cellular organisms","Archaea",NA,NA,NA,NA,NA,"uncultured archaeon",NA,"uncultured archaeon|115547"
"199","cellular organisms","Archaea","Euryarchaeota","Methanobacteria","Methanobacteriales","Methanobacteriaceae","Methanobacterium","Methanobacterium congolense",NA,"Methanobacterium congolense|118062"
"200","cellular organisms","Archaea","Crenarchaeota","Thermoprotei","Thermoproteales","Thermoproteaceae","Pyrobaculum","Pyrobaculum arsenaticum",NA,"Pyrobaculum arsenaticum DSM 13514|340102"
"201","cellular organisms","Archaea","Euryarchaeota","Thermococci","Thermococcales","Thermococcaceae","Thermococcus","Thermococcus sp. P6",NA,"Thermococcus sp. P6|122420"
"202","cellular organisms","Archaea","Euryarchaeota","Methanobacteria","Methanobacteriales","Methanobacteriaceae","Methanothermobacter","Methanothermobacter wolfeii",NA,"Methanothermobacter wolfeii|145261"
"203","cellular organisms","Archaea","Euryarchaeota","Methanobacteria","Methanobacteriales","Methanobacteriaceae","Methanothermobacter","Methanothermobacter thermautotrophicus",NA,"Methanothermobacter thermautotrophicus str. Delta H|187420"
"204","cellular organisms","Archaea","Euryarchaeota","Methanobacteria","Methanobacteriales","Methanobacteriaceae","Methanothermobacter","Methanothermobacter marburgensis",NA,"Methanothermobacter marburgensis str. Marburg|79929"
"205","cellular organisms","Archaea","Euryarchaeota","Halobacteria","Halobacteriales","Haloarculaceae","Halorhabdus","Halorhabdus utahensis",NA,"Halorhabdus utahensis DSM 12940|519442"
"206","cellular organisms","Archaea","Euryarchaeota","Methanococci","Methanococcales","Methanococcaceae","Methanothermococcus","Methanothermococcus okinawensis",NA,"Methanothermococcus okinawensis IH1|647113"
"207","cellular organisms","Archaea","Nanoarchaeota",NA,"Nanoarchaeales","Nanoarchaeaceae","Nanoarchaeum","Nanoarchaeum equitans",NA,"Nanoarchaeum equitans Kin4-M|228908"
"208","cellular organisms","Archaea","Crenarchaeota","Thermoprotei","Desulfurococcales","Desulfurococcaceae","Ignicoccus","Ignicoccus hospitalis",NA,"Ignicoccus hospitalis KIN4/I|453591"
"209","cellular organisms","Archaea","Euryarchaeota","Thermococci","Thermococcales","Thermococcaceae","Thermococcus","Thermococcus cleftensis",NA,"Thermococcus cleftensis|163003"
"210","cellular organisms","Archaea","Crenarchaeota","Thermoprotei","Thermoproteales","Thermoproteaceae","Vulcanisaeta","Vulcanisaeta distributa",NA,"Vulcanisaeta distributa DSM 14429|572478"
"211","cellular organisms","Archaea","Euryarchaeota","Methanomicrobia","Methanosarcinales","Methanosarcinaceae","Methanosarcina","Methanosarcina lacustris",NA,"Methanosarcina lacustris Z-7289|1434111"
"212","cellular organisms","Archaea","Euryarchaeota","Thermococci","Thermococcales","Thermococcaceae","Thermococcus","Thermococcus sibiricus",NA,"Thermococcus sibiricus MM 739|604354"
"213","cellular organisms","Archaea","Crenarchaeota","Thermoprotei","Thermoproteales","Thermoproteaceae","Pyrobaculum","Pyrobaculum calidifontis",NA,"Pyrobaculum calidifontis JCM 11548|410359"
"214","cellular organisms","Archaea","Crenarchaeota","Thermoprotei","Thermoproteales","Thermoproteaceae","Thermoproteus","Thermoproteus uzoniensis",NA,"Thermoproteus uzoniensis 768-20|999630"
"215","cellular organisms","Archaea","Euryarchaeota","Thermococci","Thermococcales","Thermococcaceae","Thermococcus","Thermococcus gammatolerans",NA,"Thermococcus gammatolerans EJ3|593117"
"216","cellular organisms","Archaea","Euryarchaeota","Thermococci","Thermococcales","Thermococcaceae","Thermococcus","Thermococcus radiotolerans",NA,"Thermococcus radiotolerans|187880"
"217","cellular organisms","Archaea","Euryarchaeota","Thermococci","Thermococcales","Thermococcaceae","Thermococcus","Thermococcus nautili",NA,"Thermococcus nautili|195522"
"218","cellular organisms","Archaea","Crenarchaeota","Thermoprotei","Acidilobales","Caldisphaeraceae","Caldisphaera","Caldisphaera lagunensis",NA,"Caldisphaera lagunensis DSM 15908|1056495"
"219","cellular organisms","Archaea","Euryarchaeota","Methanobacteria","Methanobacteriales","Methanobacteriaceae","Methanobrevibacter","Methanobrevibacter sp. AbM4",NA,"Methanobrevibacter sp. AbM4|224719"
"220","cellular organisms","Archaea","Euryarchaeota","Halobacteria","Natrialbales","Natrialbaceae","Halobiforma","Halobiforma lacisalsi",NA,"Halobiforma lacisalsi AJ5|358396"
"221","cellular organisms","Archaea","Crenarchaeota","Thermoprotei","Desulfurococcales","Desulfurococcaceae","Aeropyrum","Aeropyrum camini",NA,"Aeropyrum camini SY1 = JCM 12091|1198449"
"222","cellular organisms","Archaea","Euryarchaeota","Methanobacteria","Methanobacteriales","Methanobacteriaceae","Methanobrevibacter","Methanobrevibacter millerae",NA,"Methanobrevibacter millerae|230361"
"223","cellular organisms","Archaea","Crenarchaeota","Thermoprotei","Acidilobales","Acidilobaceae","Acidilobus","Acidilobus saccharovorans",NA,"Acidilobus saccharovorans 345-15|666510"
"224","cellular organisms","Archaea","Euryarchaeota","Thermococci","Thermococcales","Thermococcaceae","Thermococcus","Thermococcus sp. AM4",NA,"Thermococcus sp. AM4|246969"
"225","cellular organisms","Archaea","Euryarchaeota","Methanomicrobia","Methanomicrobiales","Methanoregulaceae","Methanolinea","Methanolinea tarda",NA,"Methanolinea tarda NOBI-1|882090"
"226","cellular organisms","Archaea","Euryarchaeota","Candidatus Poseidoniia","Candidatus Poseidoniales",NA,NA,"uncultured Candidatus Poseidoniales archaeon",NA,"uncultured Candidatus Poseidoniales archaeon|274854"
"227","cellular organisms","Archaea","Euryarchaeota","Thermococci","Thermococcales","Thermococcaceae","Thermococcus","Thermococcus thioreducens",NA,"Thermococcus thioreducens|277988"
"228","cellular organisms","Archaea","Crenarchaeota","Thermoprotei","Sulfolobales","Sulfolobaceae","Acidianus","Acidianus manzaensis",NA,"Acidianus manzaensis|282676"
"229","cellular organisms","Archaea","Euryarchaeota","Halobacteria","Haloferacales","Haloferacaceae","Haloquadratum","Haloquadratum walsbyi",NA,"Haloquadratum walsbyi DSM 16790|362976"
"230","cellular organisms","Archaea","Euryarchaeota","Halobacteria","Haloferacales","Haloferacaceae","Haloquadratum","Haloquadratum walsbyi",NA,"Haloquadratum walsbyi C23|768065"
"231","cellular organisms","Archaea","Euryarchaeota","Methanobacteria","Methanobacteriales","Methanobacteriaceae","Methanobrevibacter","Methanobrevibacter olleyae",NA,"Methanobrevibacter olleyae|294671"
"232","cellular organisms","Archaea","Euryarchaeota","Methanomicrobia","Methanosarcinales","Methanotrichaceae","Methanothrix","Methanosaeta harundinacea",NA,"Methanosaeta harundinacea 6Ac|1110509"
"233","cellular organisms","Archaea","Euryarchaeota","Thermococci","Thermococcales","Thermococcaceae","Thermococcus","Thermococcus kodakarensis",NA,"Thermococcus kodakarensis KOD1|69014"
"234","cellular organisms","Archaea","Thaumarchaeota",NA,NA,NA,"Candidatus Caldiarchaeum","Candidatus Caldiarchaeum subterraneum",NA,"Candidatus Caldiarchaeum subterraneum|311458"
"235","cellular organisms","Archaea","Crenarchaeota","Thermoprotei","Sulfolobales","Sulfolobaceae","Acidianus","Acidianus sulfidivorans",NA,"Acidianus sulfidivorans JP7|619593"
"236","cellular organisms","Archaea","Crenarchaeota","Thermoprotei","Desulfurococcales","Desulfurococcaceae","Ignisphaera","Ignisphaera aggregans",NA,"Ignisphaera aggregans DSM 17230|583356"
"237","cellular organisms","Archaea","Euryarchaeota","Halobacteria","Haloferacales","Halorubraceae","Halorubrum","Halorubrum ezzemoulense",NA,"Halorubrum ezzemoulense|337243"
"238","cellular organisms","Archaea","Thaumarchaeota",NA,"Nitrosopumilales","Nitrosopumilaceae","Nitrosopumilus","Nitrosopumilus maritimus",NA,"Nitrosopumilus maritimus SCM1|436308"
"239","cellular organisms","Archaea","Euryarchaeota","Thermococci","Thermococcales","Thermococcaceae","Thermococcus","Thermococcus onnurineus",NA,"Thermococcus onnurineus NA1|523850"
"240","cellular organisms","Archaea","Euryarchaeota","Thermococci","Thermococcales","Thermococcaceae","Pyrococcus","Pyrococcus sp. NA2",NA,"Pyrococcus sp. NA2|342949"
"241","cellular organisms","Archaea","Euryarchaeota","Halobacteria","Natrialbales","Natrialbaceae","Natronorubrum","Natronorubrum aibiense",NA,"Natronorubrum aibiense|348826"
"242","cellular organisms","Archaea","Euryarchaeota","Halobacteria","Natrialbales","Natrialbaceae","Halostagnicola","Halostagnicola larsenii",NA,"Halostagnicola larsenii XH-48|797299"
"243","cellular organisms","Archaea","Euryarchaeota","Methanomicrobia","Methanomicrobiales","Methanoregulaceae","Methanoregula","Methanoregula boonei",NA,"Methanoregula boonei 6A8|456442"
"244","cellular organisms","Archaea","Euryarchaeota",NA,NA,NA,"Aciduliprofundum","Aciduliprofundum boonei",NA,"Aciduliprofundum boonei T469|439481"
"245","cellular organisms","Archaea","Euryarchaeota","Halobacteria","Natrialbales","Natrialbaceae","Halovivax","Halovivax ruber",NA,"Halovivax ruber XH-70|797302"
"246","cellular organisms","Archaea","Euryarchaeota","Halobacteria","Natrialbales","Natrialbaceae","Halopiger","Halopiger xanaduensis",NA,"Halopiger xanaduensis SH-6|797210"
"247","cellular organisms","Archaea","Euryarchaeota","Halobacteria","Natrialbales","Natrialbaceae","Natrinema","Natrinema sp. J7-2",NA,"Natrinema sp. J7-2|406552"
"248","cellular organisms","Archaea","Euryarchaeota","Halobacteria","Halobacteriales","Halobacteriaceae","Halalkalicoccus","Halalkalicoccus jeotgali",NA,"Halalkalicoccus jeotgali B3|795797"
"249","cellular organisms","Archaea","Euryarchaeota","Halobacteria","Natrialbales","Natrialbaceae","Haloterrigena","Haloterrigena jeotgali",NA,"Haloterrigena jeotgali|413811"
"250","cellular organisms","Archaea","Euryarchaeota","Halobacteria","Halobacteriales","Haloarculaceae","Natronomonas","Natronomonas moolapensis",NA,"Natronomonas moolapensis 8.8.11|268739"
"251","cellular organisms","Archaea","Euryarchaeota","Methanomicrobia","Methanosarcinales","Methanosarcinaceae","Methanosarcina","Methanosarcina horonobensis",NA,"Methanosarcina horonobensis HB-1 = JCM 15518|1434110"
"252","cellular organisms","Archaea","Euryarchaeota","Methanomicrobia","Methanosarcinales","Methanosarcinaceae","Methanolobus","Methanolobus psychrophilus",NA,"Methanolobus psychrophilus R15|1094980"
"253","cellular organisms","Archaea","Euryarchaeota","Halobacteria","Halobacteriales","Haloarculaceae","Halorhabdus","Halorhabdus tiamatea",NA,"Halorhabdus tiamatea SARL4B|1033806"
"254","cellular organisms","Archaea","Euryarchaeota","Methanomicrobia","Methanomicrobiales","Methanoregulaceae","Methanosphaerula","Methanosphaerula palustris",NA,"Methanosphaerula palustris E1-9c|521011"
"255","cellular organisms","Archaea","Thaumarchaeota","Nitrososphaeria","Nitrososphaerales","Nitrososphaeraceae","Nitrososphaera","Candidatus Nitrososphaera gargensis",NA,"Candidatus Nitrososphaera gargensis Ga9.2|1237085"
"256","cellular organisms","Archaea","Candidatus Korarchaeota",NA,NA,NA,"Candidatus Korarchaeum","Candidatus Korarchaeum cryptofilum",NA,"Candidatus Korarchaeum cryptofilum OPF8|374847"
"257","cellular organisms","Archaea","Crenarchaeota","Thermoprotei","Sulfolobales","Sulfolobaceae","Acidianus","Acidianus hospitalis",NA,"Acidianus hospitalis W1|933801"
"258","cellular organisms","Archaea","Euryarchaeota","Archaeoglobi","Archaeoglobales","Archaeoglobaceae","Geoglobus","Geoglobus acetivorans",NA,"Geoglobus acetivorans|565033"
"259","cellular organisms","Archaea","Euryarchaeota","Methanomicrobia","Methanocellales","Methanocellaceae","Methanocella","Methanocella paludicola",NA,"Methanocella paludicola SANAE|304371"
"260","cellular organisms","Archaea","Euryarchaeota","Thermococci","Thermococcales","Thermococcaceae","Thermococcus","Thermococcus paralvinellae",NA,"Thermococcus paralvinellae|582419"
"261","cellular organisms","Archaea","Euryarchaeota","Halobacteria","Natrialbales","Natrialbaceae","Haloterrigena","Haloterrigena daqingensis",NA,"Haloterrigena daqingensis|588898"
"262","cellular organisms","Archaea","Euryarchaeota","Halobacteria","Haloferacales","Halorubraceae","Halorubrum","Halorubrum sp. PV6",NA,"Halorubrum sp. PV6|634157"
"263","cellular organisms","Archaea","Euryarchaeota","Methanococci","Methanococcales","Methanocaldococcaceae","Methanocaldococcus","Methanocaldococcus sp. FS406-22",NA,"Methanocaldococcus sp. FS406-22|644281"
"264","cellular organisms","Archaea","Euryarchaeota","Halobacteria","Haloferacales","Haloferacaceae","Haloplanus","Haloplanus aerogenes",NA,"Haloplanus aerogenes|660522"
"265","cellular organisms","Archaea","Euryarchaeota",NA,NA,NA,"Aciduliprofundum","Aciduliprofundum sp. MAR08-339",NA,"Aciduliprofundum sp. MAR08-339|673860"
"266","cellular organisms","Archaea","Crenarchaeota","Thermoprotei","Fervidicoccales","Fervidicoccaceae","Fervidicoccus","Fervidicoccus fontis",NA,"Fervidicoccus fontis Kam940|1163730"
"267","cellular organisms","Archaea","Euryarchaeota","Halobacteria","Haloferacales","Haloferacaceae","Halobellus","Halobellus limi",NA,"Halobellus limi|699433"
"268","cellular organisms","Archaea","Euryarchaeota","Halobacteria","Natrialbales","Natrialbaceae","Natronolimnobius","Natronolimnobius aegyptiacus",NA,"Natronolimnobius aegyptiacus|745377"
"269","cellular organisms","Archaea","Euryarchaeota","Halobacteria","Halobacteriales","Halobacteriaceae","Halobacterium","Halobacterium sp. DL1",NA,"Halobacterium sp. DL1|751944"
"270","cellular organisms","Archaea","Euryarchaeota","Halobacteria","Haloferacales","Halorubraceae","Salinigranum","Salinigranum rubrum",NA,"Salinigranum rubrum|755307"
"271","cellular organisms","Archaea","Euryarchaeota","Halobacteria","Haloferacales",NA,NA,"halophilic archaeon DL31",NA,"halophilic archaeon DL31|756883"
"272","cellular organisms","Archaea","Euryarchaeota","Methanobacteria","Methanobacteriales","Methanobacteriaceae","Methanothermobacter","Methanothermobacter sp. CaT2",NA,"Methanothermobacter sp. CaT2|866790"
"273","cellular organisms","Archaea","Euryarchaeota","Methanobacteria","Methanobacteriales","Methanobacteriaceae","Methanobacterium","Methanobacterium paludis",NA,"Methanobacterium paludis|868131"
"274","cellular organisms","Archaea","Euryarchaeota","Methanobacteria","Methanobacteriales","Methanobacteriaceae","Methanobacterium","Methanobacterium lacus",NA,"Methanobacterium lacus|877455"
"275","cellular organisms","Archaea","Euryarchaeota","Methanomicrobia","Methanomicrobiales","Methanoregulaceae","Methanoregula","Methanoregula formicica",NA,"Methanoregula formicica SMSP|593750"
"276","cellular organisms","Archaea","Euryarchaeota","Thermococci","Thermococcales","Thermococcaceae","Palaeococcus","Palaeococcus pacificus",NA,"Palaeococcus pacificus DY20341|1343739"
"277","cellular organisms","Archaea","Crenarchaeota","Thermoprotei","Thermoproteales","Thermoproteaceae","Vulcanisaeta","Vulcanisaeta moutnovskia",NA,"Vulcanisaeta moutnovskia 768-28|985053"
"278","cellular organisms","Archaea","Crenarchaeota","Thermoprotei","Sulfolobales","Sulfolobaceae","Metallosphaera","Metallosphaera cuprina",NA,"Metallosphaera cuprina Ar-4|1006006"
"279","cellular organisms","Archaea","Thaumarchaeota",NA,"Nitrosopumilales","Nitrosopumilaceae","Nitrosarchaeum","Candidatus Nitrosarchaeum limnium",NA,"Candidatus Nitrosarchaeum limnium SFB1|886738"
"280","cellular organisms","Archaea","Euryarchaeota","Thermococci","Thermococcales","Thermococcaceae","Pyrococcus","Pyrococcus yayanosii",NA,"Pyrococcus yayanosii CH1|529709"
"281","cellular organisms","Archaea","Thaumarchaeota","Nitrososphaeria","Nitrososphaerales","Nitrososphaeraceae","Nitrososphaera","Nitrososphaera viennensis",NA,"Nitrososphaera viennensis EN76|926571"
"282","cellular organisms","Archaea","Euryarchaeota","Thermococci","Thermococcales","Thermococcaceae","Thermococcus","Thermococcus sp. 4557",NA,"Thermococcus sp. 4557|1042877"
"283","cellular organisms","Archaea","Euryarchaeota","Halobacteria","Haloferacales","Halorubraceae","Halopenitus","Halopenitus persicus",NA,"Halopenitus persicus|1048396"
"284","cellular organisms","Archaea","Euryarchaeota","Thermoplasmata","Thermoplasmatales",NA,NA,"Thermoplasmatales archaeon BRNA1",NA,"Thermoplasmatales archaeon BRNA1|1054217"
"285","cellular organisms","Archaea","Euryarchaeota","Halobacteria","Haloferacales","Halorubraceae","Halohasta","Halohasta litchfieldiae",NA,"Halohasta litchfieldiae|1073996"
"286","cellular organisms","Archaea","Thaumarchaeota",NA,NA,NA,"Candidatus Nitrosotalea","Candidatus Nitrosotalea devanaterra",NA,"Candidatus Nitrosotalea devanaterra|1078905"
"287","cellular organisms","Archaea","Crenarchaeota","Thermoprotei","Thermoproteales","Thermoproteaceae","Pyrobaculum","Pyrobaculum ferrireducens",NA,"Pyrobaculum ferrireducens|1104324"
"288","cellular organisms","Archaea","Euryarchaeota","Methanomicrobia","Methanocellales","Methanocellaceae","Methanocella","Methanocella conradii",NA,"Methanocella conradii HZ254|1041930"
"289","cellular organisms","Archaea","Euryarchaeota","Methanomicrobia","Methanocellales","Methanocellaceae","Methanocella","Methanocella arvoryzae",NA,"Methanocella arvoryzae MRE50|351160"
"290","cellular organisms","Archaea","Euryarchaeota","Thermococci","Thermococcales","Thermococcaceae","Pyrococcus","Pyrococcus sp. ST04",NA,"Pyrococcus sp. ST04|1183377"
"291","cellular organisms","Archaea","Crenarchaeota","Thermoprotei","Desulfurococcales","Desulfurococcaceae","Thermogladius","Thermogladius calderae",NA,"Thermogladius calderae 1633|1184251"
"292","cellular organisms","Archaea","Crenarchaeota","Thermoprotei","Thermoproteales","Thermoproteaceae","Pyrobaculum","Pyrobaculum sp. WP30",NA,"Pyrobaculum sp. WP30|1227555"
"293","cellular organisms","Archaea","Thaumarchaeota",NA,"Nitrosopumilales","Nitrosopumilaceae","Nitrosopumilus","Candidatus Nitrosopumilus sediminis",NA,"Candidatus Nitrosopumilus sediminis|1229909"
"294","cellular organisms","Archaea","Crenarchaeota","Thermoprotei","Desulfurococcales","Pyrodictiaceae","Pyrodictium","Pyrodictium delaneyi",NA,"Pyrodictium delaneyi|1273541"
"295","cellular organisms","Archaea","Euryarchaeota","Thermoplasmata","Methanomassiliicoccales","Candidatus Methanomethylophilaceae","Candidatus Methanomethylophilus","Candidatus Methanomethylophilus alvus",NA,"Candidatus Methanomethylophilus alvus Mx1201|1236689"
"296","cellular organisms","Archaea","Euryarchaeota","Thermoplasmata","Methanomassiliicoccales","Candidatus Methanomethylophilaceae","Candidatus Methanomethylophilus","Candidatus Methanomethylophilus alvus",NA,"Candidatus Methanomethylophilus alvus|1291540"
"297","cellular organisms","Archaea","Euryarchaeota","Thermoplasmata","Methanomassiliicoccales","Candidatus Methanomethylophilaceae","Candidatus Methanomethylophilus","Candidatus Methanomethylophilus alvus",NA,"Candidatus Methanomethylophilus alvus|1291540"
"298","cellular organisms","Archaea","Crenarchaeota","Thermoprotei","Sulfolobales","Sulfolobaceae","Sulfolobus","Sulfolobus sp. JCM 16833",NA,"Sulfolobus sp. JCM 16833|1294262"
"299","cellular organisms","Archaea","Euryarchaeota","Methanococci","Methanococcales","Methanocaldococcaceae","Methanocaldococcus","Methanocaldococcus bathoardescens",NA,"Methanocaldococcus bathoardescens|1301915"
"300","cellular organisms","Archaea","Euryarchaeota","Archaeoglobi","Archaeoglobales","Archaeoglobaceae","Archaeoglobus","Archaeoglobus sulfaticallidus",NA,"Archaeoglobus sulfaticallidus PM70-1|387631"
"301","cellular organisms","Archaea","Euryarchaeota","Halobacteria","Natrialbales","Natrialbaceae","Salinarchaeum","Salinarchaeum sp. Harcht-Bsk1",NA,"Salinarchaeum sp. Harcht-Bsk1|1333523"
"302","cellular organisms","Archaea","Thaumarchaeota","Nitrososphaeria","Nitrososphaerales","Nitrososphaeraceae","Candidatus Nitrosocosmicus","Candidatus Nitrosocosmicus oleophilus",NA,"Candidatus Nitrosocosmicus oleophilus|1353260"
"303","cellular organisms","Archaea","Crenarchaeota","Thermoprotei","Thermoproteales","Thermofilaceae","Thermofilum","Thermofilum adornatus",NA,"Thermofilum adornatus|1365176"
"304","cellular organisms","Archaea","Crenarchaeota","Thermoprotei","Thermoproteales","Thermofilaceae","Thermofilum","Thermofilum adornatus",NA,"Thermofilum adornatus 1505|697581"
"305","cellular organisms","Archaea","Euryarchaeota","Methanobacteria","Methanobacteriales","Methanobacteriaceae","Methanobacterium","Methanobacterium sp. MB1",NA,"Methanobacterium sp. MB1|1379702"
"306","cellular organisms","Archaea","Euryarchaeota","Halobacteria","Halobacteriales","Haloarculaceae","Halorhabdus","Halorhabdus sp. CBA1104",NA,"Halorhabdus sp. CBA1104|1380432"
"307","cellular organisms","Archaea","Euryarchaeota","Thermoplasmata","Methanomassiliicoccales","Methanomassiliicoccaceae","Methanomassiliicoccus","Candidatus Methanomassiliicoccus intestinalis",NA,"Candidatus Methanomassiliicoccus intestinalis Issoire-Mx1|1295009"
"308","cellular organisms","Archaea","Euryarchaeota","Thermoplasmata","Methanomassiliicoccales","Methanomassiliicoccaceae","Methanomassiliicoccus","Candidatus Methanomassiliicoccus intestinalis",NA,"Candidatus Methanomassiliicoccus intestinalis|1406512"
"309","cellular organisms","Archaea","Euryarchaeota","Halobacteria","Halobacteriales","Halobacteriaceae","Halobacterium","Halobacterium hubeiense",NA,"Halobacterium hubeiense|1407499"
"310","cellular organisms","Archaea","Thaumarchaeota",NA,NA,NA,"Candidatus Nitrosopelagicus","Candidatus Nitrosopelagicus brevis",NA,"Candidatus Nitrosopelagicus brevis|1410606"
"311","cellular organisms","Archaea","Euryarchaeota","Methanomicrobia","Methanosarcinales","Methanosarcinaceae","Methanosarcina","Methanosarcina sp. Kolksee",NA,"Methanosarcina sp. Kolksee|1434099"
"312","cellular organisms","Archaea","Euryarchaeota","Methanomicrobia","Methanosarcinales","Methanosarcinaceae","Methanosarcina","Methanosarcina sp. MTP4",NA,"Methanosarcina sp. MTP4|1434100"
"313","cellular organisms","Archaea","Euryarchaeota","Methanomicrobia","Methanosarcinales","Methanosarcinaceae","Methanosarcina","Methanosarcina sp. WH1",NA,"Methanosarcina sp. WH1|1434102"
"314","cellular organisms","Archaea","Euryarchaeota","Methanomicrobia","Methanosarcinales","Methanosarcinaceae","Methanosarcina","Methanosarcina sp. WWM596",NA,"Methanosarcina sp. WWM596|1434103"
"315","cellular organisms","Archaea","Euryarchaeota","Methanomicrobia","Methanomicrobiales",NA,NA,"methanogenic archaeon mixed culture ISO4-G1",NA,"methanogenic archaeon mixed culture ISO4-G1|1452364"
"316","cellular organisms","Archaea","Euryarchaeota","Halobacteria","Halobacteriales","Haloarculaceae","Halapricum","Halapricum salinum",NA,"Halapricum salinum|1457250"
"317","cellular organisms","Archaea","Thaumarchaeota","Nitrososphaeria","Nitrososphaerales","Nitrososphaeraceae","Nitrososphaera","Candidatus Nitrososphaera evergladensis",NA,"Candidatus Nitrososphaera evergladensis SR1|1459636"
"318","cellular organisms","Archaea","Euryarchaeota","Thermoplasmata",NA,NA,NA,"methanogenic archaeon ISO4-H5",NA,"methanogenic archaeon ISO4-H5|1495144"
"319","cellular organisms","Archaea","Euryarchaeota","Thermococci","Thermococcales","Thermococcaceae","Thermococcus","Thermococcus eurythermalis",NA,"Thermococcus eurythermalis|1505907"
"320","cellular organisms","Archaea","Thaumarchaeota",NA,"Nitrosopumilales","Nitrosopumilaceae","Nitrosopumilus","Candidatus Nitrosopumilus koreensis",NA,"Candidatus Nitrosopumilus koreensis AR1|1229908"
"321","cellular organisms","Archaea","Euryarchaeota","Halobacteria","Haloferacales","Haloferacaceae","Haloplanus","Haloplanus sp. CBA1112",NA,"Haloplanus sp. CBA1112|1547898"
"322","cellular organisms","Archaea","Euryarchaeota","Halobacteria","Haloferacales","Haloferacaceae","Haloplanus","Haloplanus sp. CBA1113",NA,"Haloplanus sp. CBA1113|1547899"
"323","cellular organisms","Archaea","Crenarchaeota","Thermoprotei","Thermoproteales","Thermofilaceae","Thermofilum","Thermofilum uzonense",NA,"Thermofilum uzonense|1550241"
"324","cellular organisms","Archaea","Nanoarchaeota",NA,"Nanoarchaeales","Nanopusillaceae","Candidatus Nanopusillus","Candidatus Nanopusillus acidilobi",NA,"Candidatus Nanopusillus acidilobi|1577684"
"325","cellular organisms","Archaea","Crenarchaeota","Thermoprotei","Acidilobales","Acidilobaceae","Acidilobus","Acidilobus sp. 7A",NA,"Acidilobus sp. 7A|1577685"
"326","cellular organisms","Archaea","Euryarchaeota","Thermoplasmata","Methanomassiliicoccales","Methanomassiliicoccaceae","Candidatus Methanoplasma","Candidatus Methanoplasma termitum",NA,"Candidatus Methanoplasma termitum|1577791"
"327","cellular organisms","Archaea",NA,NA,NA,NA,NA,"archaeon GW2011_AR10",NA,"archaeon GW2011_AR10|1579370"
"328","cellular organisms","Archaea",NA,NA,NA,NA,NA,"archaeon GW2011_AR15",NA,"archaeon GW2011_AR15|1579373"
"329","cellular organisms","Archaea",NA,NA,NA,NA,NA,"archaeon GW2011_AR20",NA,"archaeon GW2011_AR20|1579378"
"330","cellular organisms","Archaea","Thaumarchaeota",NA,"Nitrosopumilales","Nitrosopumilaceae","Nitrosopumilus","Nitrosopumilus adriaticus",NA,"Nitrosopumilus adriaticus|1580092"
"331","cellular organisms","Archaea","Thaumarchaeota",NA,"Nitrosopumilales","Nitrosopumilaceae","Nitrosopumilus","Nitrosopumilus piranensis",NA,"Nitrosopumilus piranensis|1582439"
"332","cellular organisms","Archaea","Euryarchaeota","Halobacteria","Halobacteriales","Haloarculaceae","Haloarcula","Haloarcula sp. CBA1115",NA,"Haloarcula sp. CBA1115|1592728"
"333","cellular organisms","Archaea","Thaumarchaeota",NA,NA,NA,"Candidatus Nitrosotenuis","Candidatus Nitrosotenuis cloacae",NA,"Candidatus Nitrosotenuis cloacae|1603555"
"334","cellular organisms","Archaea","Euryarchaeota","Halobacteria","Halobacteriales","Halobacteriaceae","Halanaeroarchaeum","Halanaeroarchaeum sulfurireducens",NA,"Halanaeroarchaeum sulfurireducens|1604004"
"335","cellular organisms","Archaea","Euryarchaeota","Halobacteria","Halobacteriales","Halobacteriaceae","Halanaeroarchaeum","Halanaeroarchaeum sulfurireducens",NA,"Halanaeroarchaeum sulfurireducens|1604004"
"336","cellular organisms","Archaea","Euryarchaeota","Thermococci","Thermococcales","Thermococcaceae","Pyrococcus","Pyrococcus kukulkanii",NA,"Pyrococcus kukulkanii|1609559"
"337","cellular organisms","Archaea","Euryarchaeota","Methanobacteria","Methanobacteriales","Methanobacteriaceae","Methanobrevibacter","Methanobrevibacter sp. YE315",NA,"Methanobrevibacter sp. YE315|1609968"
"338","cellular organisms","Archaea","Euryarchaeota","Methanomicrobia","Methanosarcinales","Methanosarcinaceae","Methanosarcina","Methanosarcina sp. 795",NA,"Methanosarcina sp. 795|1653396"
"339","cellular organisms","Archaea","Crenarchaeota","Thermoprotei","Sulfolobales","Sulfolobaceae","Sulfodiicoccus","Sulfodiicoccus acidiphilus",NA,"Sulfodiicoccus acidiphilus|1670455"
"340","cellular organisms","Archaea","Euryarchaeota","Thermoplasmata","Thermoplasmatales","Cuniculiplasmataceae","Cuniculiplasma","Cuniculiplasma divulgatum",NA,"Cuniculiplasma divulgatum|1673428"
"341","cellular organisms","Archaea","Euryarchaeota","Thermoplasmata","Thermoplasmatales","Cuniculiplasmataceae","Cuniculiplasma","Cuniculiplasma divulgatum",NA,"Cuniculiplasma divulgatum|1673428"
"342","cellular organisms","Archaea","Euryarchaeota","Thermococci","Thermococcales","Thermococcaceae","Thermococcus","Thermococcus sp. 2319x1",NA,"Thermococcus sp. 2319x1|1674923"
"343","cellular organisms","Archaea","Euryarchaeota","Halobacteria","Halobacteriales","Haloarculaceae",NA,"Haloarculaceae archaeon HArcel1",NA,"Haloarculaceae archaeon HArcel1|1679096"
"344","cellular organisms","Archaea","Euryarchaeota","Thermococci","Thermococcales","Thermococcaceae","Thermococcus","Thermococcus piezophilus",NA,"Thermococcus piezophilus|1712654"
"345","cellular organisms","Archaea","Euryarchaeota","Methanomicrobia","Methanosarcinales","Methanosarcinaceae","Methanosarcina","Methanosarcina flavescens",NA,"Methanosarcina flavescens|1715806"
"346","cellular organisms","Archaea","Euryarchaeota","Nanohaloarchaea",NA,NA,NA,"Nanohaloarchaea archaeon SG9","Candidatus Nanohaloarchaeota","Nanohaloarchaea archaeon SG9|1737403"
"347","cellular organisms","Archaea","Euryarchaeota","Methanobacteria","Methanobacteriales","Methanobacteriaceae","Methanosphaera","Methanosphaera sp. BMS",NA,"Methanosphaera sp. BMS|1789762"
"348","cellular organisms","Archaea","Thaumarchaeota","Nitrososphaeria","Nitrososphaerales","Nitrososphaeraceae","Candidatus Nitrosocosmicus","Candidatus Nitrosocosmicus franklandus",NA,"Candidatus Nitrosocosmicus franklandus|1798806"
"349","cellular organisms","Archaea","Euryarchaeota","Halobacteria","Haloferacales","Haloferacaceae","Haloplanus","Haloplanus rallus",NA,"Haloplanus rallus|1816183"
"350","cellular organisms","Archaea","Thaumarchaeota","Nitrososphaeria","Nitrososphaerales","Nitrososphaeraceae","Candidatus Nitrosocosmicus","Candidatus Nitrosocosmicus exaquare",NA,"Candidatus Nitrosocosmicus exaquare|1826872"
"351","cellular organisms","Archaea","Thaumarchaeota",NA,NA,NA,"Candidatus Nitrosotenuis","Candidatus Nitrosotenuis aquarius",NA,"Candidatus Nitrosotenuis aquarius|1846278"
"352","cellular organisms","Archaea","Euryarchaeota","Halobacteria","Halobacteriales","Halobacteriaceae","Halodesulfurarchaeum","Halodesulfurarchaeum formicicum",NA,"Halodesulfurarchaeum formicicum|1873524"
"353","cellular organisms","Archaea","Euryarchaeota","Halobacteria","Halobacteriales","Halobacteriaceae","Halodesulfurarchaeum","Halodesulfurarchaeum formicicum",NA,"Halodesulfurarchaeum formicicum|1873524"
"354","cellular organisms","Archaea","Crenarchaeota","Thermoprotei","Sulfolobales","Sulfolobaceae","Sulfolobus","Sulfolobus sp. A20",NA,"Sulfolobus sp. A20|1891280"
"355","cellular organisms","Archaea","Euryarchaeota","Methanobacteria","Methanobacteriales","Methanobacteriaceae","Methanothermobacter","Methanothermobacter sp. MT-2",NA,"Methanothermobacter sp. MT-2|1898379"
"356","cellular organisms","Archaea","Thaumarchaeota",NA,"Nitrosopumilales","Nitrosopumilaceae","Candidatus Nitrosomarinus","Candidatus Nitrosomarinus catalina",NA,"Candidatus Nitrosomarinus catalina|1898749"
"357","cellular organisms","Archaea","Thaumarchaeota",NA,NA,NA,"Candidatus Nitrosotalea","Candidatus Nitrosotalea okcheonensis",NA,"Candidatus Nitrosotalea okcheonensis|1903276"
"358","cellular organisms","Archaea","Euryarchaeota","Methanobacteria","Methanobacteriales","Methanobacteriaceae","Methanobacterium","Methanobacterium sp. MZ-A1",NA,"Methanobacterium sp. MZ-A1|1911685"
"359","cellular organisms","Archaea","Candidatus Micrarchaeota",NA,NA,NA,"Candidatus Mancarchaeum","Candidatus Mancarchaeum acidiphilum",NA,"Candidatus Mancarchaeum acidiphilum|1920749"
"360","cellular organisms","Archaea","Euryarchaeota","Halobacteria","Halobacteriales","Haloarculaceae","Haloarcula","Haloarcula taiwanensis",NA,"Haloarcula taiwanensis|1932004"
"361","cellular organisms","Archaea","Euryarchaeota","Halobacteria","Halobacteriales","Haloarculaceae","Halorientalis","Halorientalis sp. IM1011",NA,"Halorientalis sp. IM1011|1932360"
"362","cellular organisms","Archaea","Euryarchaeota","Methanopyri","Methanopyrales","Methanopyraceae","Methanopyrus","Methanopyrus sp. KOL6",NA,"Methanopyrus sp. KOL6|1937004"
"363","cellular organisms","Archaea","Euryarchaeota","Methanopyri","Methanopyrales","Methanopyraceae","Methanopyrus","Methanopyrus sp. SNP6",NA,"Methanopyrus sp. SNP6|1937005"
"364","cellular organisms","Archaea","Euryarchaeota","Thermococci","Thermococcales","Thermococcaceae","Thermococcus","Thermococcus sp. 5-4",NA,"Thermococcus sp. 5-4|2008440"
"365","cellular organisms","Archaea","Euryarchaeota","Thermococci","Thermococcales","Thermococcaceae","Thermococcus","Thermococcus sp. EXT12c",NA,"Thermococcus sp. EXT12c|2016361"
"366","cellular organisms","Archaea","Euryarchaeota","Methanobacteria","Methanobacteriales","Methanobacteriaceae","Methanothermobacter","Methanothermobacter sp. EMTCatA1",NA,"Methanothermobacter sp. EMTCatA1|2017966"
"367","cellular organisms","Archaea","Euryarchaeota","Methanobacteria","Methanobacteriales","Methanobacteriaceae","Methanobacterium","Methanobacterium sp. BRmetb2",NA,"Methanobacterium sp. BRmetb2|2025350"
"368","cellular organisms","Archaea","Euryarchaeota","Methanobacteria","Methanobacteriales","Methanobacteriaceae","Methanobacterium","Methanobacterium sp. BAmetb5",NA,"Methanobacterium sp. BAmetb5|2025351"
"369","cellular organisms","Archaea","Euryarchaeota","Halobacteria","Natrialbales","Natrialbaceae","Natronolimnobius","Natronolimnobius sulfurireducens",NA,"Natronolimnobius sulfurireducens|2044521"
"370","cellular organisms","Archaea","Euryarchaeota","Halobacteria","Natrialbales","Natrialbaceae","Natronolimnobius","Natronolimnobius sulfurireducens",NA,"Natronolimnobius sulfurireducens|2044521"
"371","cellular organisms","Archaea","Thaumarchaeota","Nitrososphaeria","Candidatus Nitrosocaldales","Candidatus Nitrosocaldaceae","Candidatus Nitrosocaldus","Candidatus Nitrosocaldus islandicus",NA,"Candidatus Nitrosocaldus islandicus|2045011"
"372","cellular organisms","Archaea","Euryarchaeota","Halobacteria","Haloferacales",NA,"Halalkaliarchaeum","Halalkaliarchaeum desulfuricum",NA,"Halalkaliarchaeum desulfuricum|2055893"
"373","cellular organisms","Archaea","Thaumarchaeota","Nitrososphaeria","Candidatus Nitrosocaldales","Candidatus Nitrosocaldaceae","Candidatus Nitrosocaldus","Candidatus Nitrosocaldus cavascurensis",NA,"Candidatus Nitrosocaldus cavascurensis|2058097"
"374","cellular organisms","Archaea","Candidatus Diapherotrites",NA,NA,NA,"Candidatus Forterrea","Candidatus Forterrea multitransposorum",NA,"Candidatus Forterrea multitransposorum CG_2015-17_Forterrea_25_41|2107591"
"375","cellular organisms","Archaea","Crenarchaeota","Thermoprotei","Sulfolobales","Sulfolobaceae","Sulfolobus","Sulfolobus sp. JCM 16834",NA,"Sulfolobus sp. JCM 16834|2173830"
"376","cellular organisms","Archaea","Euryarchaeota","Halobacteria","Haloferacales","Halorubraceae","Halorubrum","Halorubrum sp. BOL3-1",NA,"Halorubrum sp. BOL3-1|2497325"
"377","cellular organisms","Archaea","Euryarchaeota","Halobacteria","Halobacteriales","Halobacteriaceae","Halorussus","Halorussus sp. RC-68",NA,"Halorussus sp. RC-68|2505977"
"378","cellular organisms","Archaea","Thaumarchaeota",NA,"Nitrosopumilales","Nitrosopumilaceae","Nitrosopumilus","Candidatus Nitrosopumilus sp. SW",NA,"Candidatus Nitrosopumilus sp. SW|2508726"
"379","cellular organisms","Archaea",NA,NA,NA,NA,NA,"DPANN group archaeon LC1Nh",NA,"DPANN group archaeon LC1Nh|2565781"
"380","cellular organisms","Archaea","Euryarchaeota","Halobacteria","Haloferacales","Haloferacaceae","Haloprofundus","Haloprofundus sp. MHR1",NA,"Haloprofundus sp. MHR1|2572921"
"381","cellular organisms","Archaea","Euryarchaeota","Halobacteria","Halobacteriales","Halobacteriaceae","Halostella","Halostella sp. DL-M4",NA,"Halostella sp. DL-M4|2583824"
"382","cellular organisms","Archaea","Euryarchaeota","Thermococci","Thermococcales","Thermococcaceae","Thermococcus","Thermococcus sp. IOH1",NA,"Thermococcus sp. IOH1|2586643"
"383","cellular organisms","Archaea",NA,NA,NA,NA,NA,"anaerobic archaeon MK-D1",NA,"anaerobic archaeon MK-D1|2594042"
"384","cellular organisms","Archaea","Euryarchaeota","Thermococci","Thermococcales","Thermococcaceae","Thermococcus","Thermococcus sp. SY113",NA,"Thermococcus sp. SY113|2598455"
"385","cellular organisms","Archaea","Euryarchaeota","Halobacteria","Halobacteriales","Halobacteriaceae","Salarchaeum","Salarchaeum sp. JOR-1",NA,"Salarchaeum sp. JOR-1|2599399"
"386","cellular organisms","Archaea","Euryarchaeota","Methanobacteria","Methanobacteriales","Methanobacteriaceae","Methanothermobacter","Methanothermobacter sp. KEPCO1",NA,"Methanothermobacter sp. KEPCO1|2603820"
"387","cellular organisms","Archaea","Euryarchaeota","Methanococci","Methanococcales",NA,"Methanofervidicoccus","Methanofervidicoccus sp. A16",NA,"Methanofervidicoccus sp. A16|2607662"
"388","cellular organisms","Archaea","Euryarchaeota","Halobacteria","Halobacteriales","Haloarculaceae","Halomicrobium","Halomicrobium sp. LC1Hm",NA,"Halomicrobium sp. LC1Hm|2610902"
"389","cellular organisms","Archaea","Euryarchaeota","Halobacteria","Halobacteriales","Halobacteriaceae","Halorussus","Halorussus sp. ZS-3",NA,"Halorussus sp. ZS-3|2650975"
"390","cellular organisms","Archaea","Crenarchaeota","Thermoprotei","Sulfolobales","Sulfolobaceae","Sulfolobus","Sulfolobus sp. E5-1-F",NA,"Sulfolobus sp. E5-1-F|2663019"
"391","cellular organisms","Archaea","Crenarchaeota","Thermoprotei","Sulfolobales","Sulfolobaceae","Sulfolobus","Sulfolobus sp. E11-6",NA,"Sulfolobus sp. E11-6|2663020"
